ID,Spillover,Year of spillover,Cases 100 days,Cases total,Days total,road_length,river_length,total_network,Diameter
16,Bik,2018,53,53,111,13.33514629,11.12846082,24.46360711,10
16,Bik,2018,53,53,111,24.29894012,21.69042978,45.9893699,20
16,Bik,2018,53,53,111,41.43485729,32.2724474,73.70730469,30
16,Bik,2018,53,53,111,69.84734286,37.37165241,107.2189953,40
16,Bik,2018,53,53,111,113.5992088,42.53906415,156.138273,50
16,Bik,2018,53,53,111,185.1800359,48.04923822,233.2292741,60
16,Bik,2018,53,53,111,272.6959422,53.60346917,326.2994114,70
16,Bik,2018,53,53,111,341.8477911,64.71131452,406.5591056,80
16,Bik,2018,53,53,111,395.9735127,104.2125939,500.1861066,90
16,Bik,2018,53,53,111,445.8735401,125.0730502,570.9465903,100
16,Bik,2018,53,53,111,506.8189589,166.4431026,673.2620615,110
16,Bik,2018,53,53,111,545.9499223,232.7985498,778.7484721,120
16,Bik,2018,53,53,111,608.7876525,301.341317,910.1289695,130
16,Bik,2018,53,53,111,640.9820009,379.3771322,1020.359133,140
16,Bik,2018,53,53,111,684.5201167,453.3785958,1137.898712,150
16,Bik,2018,53,53,111,702.4565136,525.6118155,1228.068329,160
16,Bik,2018,53,53,111,737.0433852,600.5516697,1337.595055,170
16,Bik,2018,53,53,111,759.1633166,672.5077927,1431.671109,180
16,Bik,2018,53,53,111,765.0908746,783.0759479,1548.166822,190
16,Bik,2018,53,53,111,799.5306642,848.5382646,1648.068929,200
16,Bik,2018,53,53,111,828.4735683,940.8953472,1769.368915,210
16,Bik,2018,53,53,111,895.0280012,1044.75506,1939.783061,220
16,Bik,2018,53,53,111,919.5561508,1129.536878,2049.093029,230
16,Bik,2018,53,53,111,954.3133462,1278.849258,2233.162604,240
16,Bik,2018,53,53,111,1023.715628,1401.478089,2425.193716,250
16,Bik,2018,53,53,111,1059.056294,1518.267436,2577.32373,260
16,Bik,2018,53,53,111,1084.568415,1630.394959,2714.963374,270
16,Bik,2018,53,53,111,1111.821472,1791.026274,2902.847745,280
16,Bik,2018,53,53,111,1134.555158,1914.662712,3049.217869,290
16,Bik,2018,53,53,111,1175.74344,2060.191391,3235.93483,300
16,Bik,2018,53,53,111,1228.95119,2195.140148,3424.091337,310
16,Bik,2018,53,53,111,1257.726195,2298.042831,3555.769025,320
16,Bik,2018,53,53,111,1286.425407,2400.111794,3686.537201,330
16,Bik,2018,53,53,111,1339.774485,2501.143052,3840.917537,340
16,Bik,2018,53,53,111,1381.400911,2603.832938,3985.233849,350
16,Bik,2018,53,53,111,1441.004277,2696.956116,4137.960392,360
16,Bik,2018,53,53,111,1480.504824,2803.379153,4283.883976,370
16,Bik,2018,53,53,111,1552.938551,2910.600537,4463.539088,380
16,Bik,2018,53,53,111,1628.007986,3025.073976,4653.081962,390
16,Bik,2018,53,53,111,1699.673639,3165.125217,4864.798856,400
6,Booue,1996,18,60,231,11.16534378,0,11.16534378,10
6,Booue,1996,18,60,231,28.62813088,21.76285788,50.39098876,20
6,Booue,1996,18,60,231,39.70365098,33.27226695,72.97591793,30
6,Booue,1996,18,60,231,50.56755881,44.8799523,95.44751112,40
6,Booue,1996,18,60,231,61.38547347,68.7599437,130.1454172,50
6,Booue,1996,18,60,231,85.75597274,117.4717807,203.2277534,60
6,Booue,1996,18,60,231,128.0481087,177.4754021,305.5235108,70
6,Booue,1996,18,60,231,152.0141671,241.0128259,393.026993,80
6,Booue,1996,18,60,231,227.3569389,292.6646975,520.0216364,90
6,Booue,1996,18,60,231,261.7038861,361.3601181,623.0640042,100
6,Booue,1996,18,60,231,309.9866883,435.7625374,745.7492257,110
6,Booue,1996,18,60,231,358.7985878,534.9350682,893.7336561,120
6,Booue,1996,18,60,231,401.9306043,612.0717113,1014.002316,130
6,Booue,1996,18,60,231,436.3476921,693.4719018,1129.819594,140
6,Booue,1996,18,60,231,465.103105,783.959937,1249.063042,150
6,Booue,1996,18,60,231,491.8337677,862.6273823,1354.46115,160
6,Booue,1996,18,60,231,524.3569557,972.1208392,1496.477795,170
6,Booue,1996,18,60,231,572.1048794,1064.859972,1636.964851,180
6,Booue,1996,18,60,231,613.1613263,1145.73243,1758.893756,190
6,Booue,1996,18,60,231,661.6014237,1266.206097,1927.807521,200
6,Booue,1996,18,60,231,719.2152584,1408.387064,2127.602322,210
6,Booue,1996,18,60,231,781.6589834,1533.930387,2315.589371,220
6,Booue,1996,18,60,231,848.4639684,1686.132492,2534.596461,230
6,Booue,1996,18,60,231,940.2537443,1815.206314,2755.460058,240
6,Booue,1996,18,60,231,1001.046234,1965.176194,2966.222429,250
6,Booue,1996,18,60,231,1068.322733,2116.72559,3185.048324,260
6,Booue,1996,18,60,231,1134.27934,2277.309679,3411.58902,270
6,Booue,1996,18,60,231,1199.688868,2465.969069,3665.657937,280
6,Booue,1996,18,60,231,1267.581588,2678.842335,3946.423923,290
6,Booue,1996,18,60,231,1443.166355,2847.938464,4291.104819,300
6,Booue,1996,18,60,231,1613.811317,3031.582605,4645.393922,310
6,Booue,1996,18,60,231,1720.567794,3247.684571,4968.252365,320
6,Booue,1996,18,60,231,1832.846733,3500.497238,5333.343971,330
6,Booue,1996,18,60,231,1936.513281,3722.89431,5659.40759,340
6,Booue,1996,18,60,231,2103.246483,3994.850586,6098.097068,350
6,Booue,1996,18,60,231,2384.176849,4261.928259,6646.105108,360
6,Booue,1996,18,60,231,2586.222587,4501.92527,7088.147856,370
6,Booue,1996,18,60,231,2839.772799,4699.346841,7539.119639,380
6,Booue,1996,18,60,231,3028.626067,4921.521026,7950.147092,390
6,Booue,1996,18,60,231,3249.416849,5102.053003,8351.469852,400
10,Etoumbi,2005,12,12,81,0,10.26017767,10.26017767,10
10,Etoumbi,2005,12,12,81,32.26510685,20.56973093,52.83483779,20
10,Etoumbi,2005,12,12,81,60.84403972,31.11705184,91.96109157,30
10,Etoumbi,2005,12,12,81,92.85345631,42.34831702,135.2017733,40
10,Etoumbi,2005,12,12,81,115.0025578,59.99416709,174.9967249,50
10,Etoumbi,2005,12,12,81,141.5846877,78.62397694,220.2086646,60
10,Etoumbi,2005,12,12,81,168.5118212,89.97048038,258.4823016,70
10,Etoumbi,2005,12,12,81,188.5379453,115.9434622,304.4814076,80
10,Etoumbi,2005,12,12,81,208.0650348,201.3798456,409.4448803,90
10,Etoumbi,2005,12,12,81,228.7727194,271.8304753,500.6031947,100
10,Etoumbi,2005,12,12,81,268.2574562,387.8370806,656.0945367,110
10,Etoumbi,2005,12,12,81,302.6069543,468.7443871,771.3513413,120
10,Etoumbi,2005,12,12,81,351.5674691,543.6488329,895.216302,130
10,Etoumbi,2005,12,12,81,402.9730784,612.5571674,1015.530246,140
10,Etoumbi,2005,12,12,81,447.3778632,665.9565902,1113.334453,150
10,Etoumbi,2005,12,12,81,514.4038946,709.6755496,1224.079444,160
10,Etoumbi,2005,12,12,81,559.548062,753.3625494,1312.910611,170
10,Etoumbi,2005,12,12,81,599.2013073,796.1967734,1395.398081,180
10,Etoumbi,2005,12,12,81,638.4293475,854.9647866,1493.394134,190
10,Etoumbi,2005,12,12,81,690.7739609,972.8756296,1663.64959,200
10,Etoumbi,2005,12,12,81,752.0134825,1066.51484,1818.528323,210
10,Etoumbi,2005,12,12,81,882.3233317,1169.908062,2052.231393,220
10,Etoumbi,2005,12,12,81,1007.271891,1256.226607,2263.498498,230
10,Etoumbi,2005,12,12,81,1199.114904,1405.772225,2604.887128,240
10,Etoumbi,2005,12,12,81,1349.360175,1574.580451,2923.940626,250
10,Etoumbi,2005,12,12,81,1492.755435,1676.635973,3169.391409,260
10,Etoumbi,2005,12,12,81,1601.687681,1795.334983,3397.022663,270
10,Etoumbi,2005,12,12,81,1713.510805,1926.496143,3640.006949,280
10,Etoumbi,2005,12,12,81,1849.687636,2063.766108,3913.453744,290
10,Etoumbi,2005,12,12,81,1966.810068,2191.803361,4158.613429,300
10,Etoumbi,2005,12,12,81,2036.859762,2345.848239,4382.708001,310
10,Etoumbi,2005,12,12,81,2134.612814,2584.320749,4718.933564,320
10,Etoumbi,2005,12,12,81,2242.585693,2845.622469,5088.208162,330
10,Etoumbi,2005,12,12,81,2367.867386,3035.742055,5403.609441,340
10,Etoumbi,2005,12,12,81,2459.438446,3282.734905,5742.173351,350
10,Etoumbi,2005,12,12,81,2567.335528,3491.205537,6058.541065,360
10,Etoumbi,2005,12,12,81,2678.411373,3672.298178,6350.709551,370
10,Etoumbi,2005,12,12,81,2778.298708,3860.797717,6639.096425,380
10,Etoumbi,2005,12,12,81,2890.925818,4064.485849,6955.411667,390
10,Etoumbi,2005,12,12,81,3023.970314,4250.983317,7274.953631,400
14,Ink,2014,66,66,118,0,0,0,10
14,Ink,2014,66,66,118,0,0,0,20
14,Ink,2014,66,66,118,28.76165983,8.735893573,37.49755341,30
14,Ink,2014,66,66,118,53.18577557,20.46498509,73.65076066,40
14,Ink,2014,66,66,118,72.93647484,40.65892565,113.5954005,50
14,Ink,2014,66,66,118,124.9267075,59.10149309,184.0282006,60
14,Ink,2014,66,66,118,171.0421061,76.50637293,247.548479,70
14,Ink,2014,66,66,118,221.6784853,94.17400454,315.8524898,80
14,Ink,2014,66,66,118,270.8906291,162.3592656,433.2498947,90
14,Ink,2014,66,66,118,303.1355379,209.1553104,512.2908483,100
14,Ink,2014,66,66,118,363.7129726,242.0357153,605.748688,110
14,Ink,2014,66,66,118,449.3197629,287.9440011,737.2637639,120
14,Ink,2014,66,66,118,500.6686035,348.239957,848.9085605,130
14,Ink,2014,66,66,118,573.177203,491.8521728,1065.029376,140
14,Ink,2014,66,66,118,622.8586898,561.3410891,1184.199779,150
14,Ink,2014,66,66,118,673.2689236,657.5213518,1330.790275,160
14,Ink,2014,66,66,118,746.2369933,750.3873805,1496.624374,170
14,Ink,2014,66,66,118,809.5482195,841.5411751,1651.089395,180
14,Ink,2014,66,66,118,890.3184315,923.7563774,1814.074809,190
14,Ink,2014,66,66,118,967.9612405,1003.307551,1971.268792,200
14,Ink,2014,66,66,118,1053.14251,1132.226178,2185.368688,210
14,Ink,2014,66,66,118,1142.513601,1228.750265,2371.263866,220
14,Ink,2014,66,66,118,1211.751292,1369.859298,2581.61059,230
14,Ink,2014,66,66,118,1283.113491,1541.091101,2824.204592,240
14,Ink,2014,66,66,118,1370.906391,1619.949813,2990.856203,250
14,Ink,2014,66,66,118,1466.790554,1690.210939,3157.001494,260
14,Ink,2014,66,66,118,1519.753173,1781.614934,3301.368107,270
14,Ink,2014,66,66,118,1595.359791,1865.671086,3461.030877,280
14,Ink,2014,66,66,118,1696.939334,1970.515776,3667.45511,290
14,Ink,2014,66,66,118,1788.812359,2087.09821,3875.910569,300
14,Ink,2014,66,66,118,1913.300712,2213.157467,4126.458179,310
14,Ink,2014,66,66,118,2069.887476,2346.297612,4416.185088,320
14,Ink,2014,66,66,118,2171.787734,2482.197694,4653.985427,330
14,Ink,2014,66,66,118,2284.899757,2655.281609,4940.181366,340
14,Ink,2014,66,66,118,2384.743579,2846.326191,5231.06977,350
14,Ink,2014,66,66,118,2556.740381,3017.758539,5574.49892,360
14,Ink,2014,66,66,118,2678.205901,3179.189485,5857.395386,370
14,Ink,2014,66,66,118,2860.873345,3344.030712,6204.904057,380
14,Ink,2014,66,66,118,2952.019742,3546.454859,6498.4746,390
14,Ink,2014,66,66,118,3044.993865,3654.662901,6699.656766,400
4,Kik,1995,285,315,233,17.5935359,0,17.5935359,10
4,Kik,1995,285,315,233,50.938406,6.387304276,57.32571028,20
4,Kik,1995,285,315,233,90.22730564,52.86092357,143.0882292,30
4,Kik,1995,285,315,233,125.3559661,78.43290296,203.788869,40
4,Kik,1995,285,315,233,165.781999,112.9175605,278.6995595,50
4,Kik,1995,285,315,233,206.6401938,130.1696486,336.8098424,60
4,Kik,1995,285,315,233,247.2925733,171.299211,418.5917843,70
4,Kik,1995,285,315,233,310.3027278,207.5637398,517.8664676,80
4,Kik,1995,285,315,233,387.0758939,234.6434685,621.7193625,90
4,Kik,1995,285,315,233,499.3881115,275.8134063,775.2015178,100
4,Kik,1995,285,315,233,639.4473591,331.9088881,971.3562472,110
4,Kik,1995,285,315,233,742.1817108,426.0515665,1168.233277,120
4,Kik,1995,285,315,233,856.8569476,483.4228065,1340.279754,130
4,Kik,1995,285,315,233,989.6797781,544.2414419,1533.92122,140
4,Kik,1995,285,315,233,1196.50553,599.2024482,1795.707978,150
4,Kik,1995,285,315,233,1410.970488,692.7731989,2103.743687,160
4,Kik,1995,285,315,233,1538.013185,854.5655832,2392.578768,170
4,Kik,1995,285,315,233,1664.461964,971.2565702,2635.718534,180
4,Kik,1995,285,315,233,1897.290173,1050.143737,2947.43391,190
4,Kik,1995,285,315,233,2033.686795,1225.067547,3258.754342,200
4,Kik,1995,285,315,233,2178.756636,1411.553684,3590.31032,210
4,Kik,1995,285,315,233,2397.323786,1514.162889,3911.486675,220
4,Kik,1995,285,315,233,2528.311858,1621.011669,4149.323527,230
4,Kik,1995,285,315,233,2672.279091,1823.659812,4495.938903,240
4,Kik,1995,285,315,233,2782.510381,1952.434115,4734.944496,250
4,Kik,1995,285,315,233,2922.142393,2087.712673,5009.855066,260
4,Kik,1995,285,315,233,3150.926999,2189.637163,5340.564163,270
4,Kik,1995,285,315,233,3382.217569,2323.652561,5705.87013,280
4,Kik,1995,285,315,233,3605.604863,2459.71316,6065.318023,290
4,Kik,1995,285,315,233,3778.795166,2688.762897,6467.558063,300
4,Kik,1995,285,315,233,3937.374663,2942.788261,6880.162924,310
4,Kik,1995,285,315,233,4088.195587,3153.191537,7241.387123,320
4,Kik,1995,285,315,233,4237.279369,3368.891132,7606.170501,330
4,Kik,1995,285,315,233,4499.817014,3548.310825,8048.12784,340
4,Kik,1995,285,315,233,4698.162063,3795.716369,8493.878433,350
4,Kik,1995,285,315,233,4885.05122,3983.811929,8868.863149,360
4,Kik,1995,285,315,233,5054.10278,4235.479426,9289.582206,370
4,Kik,1995,285,315,233,5225.649572,4485.177586,9710.827157,380
4,Kik,1995,285,315,233,5372.612552,4696.919174,10069.53173,390
4,Kik,1995,285,315,233,5558.898638,4943.218729,10502.11737,400
11,L07,2007,17,264,174,10.62315261,8.962771437,19.58592405,10
11,L07,2007,17,264,174,36.98026009,38.26021491,75.240475,20
11,L07,2007,17,264,174,60.82856514,55.49300704,116.3215722,30
11,L07,2007,17,264,174,77.58967128,71.74239258,149.3320639,40
11,L07,2007,17,264,174,98.49512216,88.13833444,186.6334566,50
11,L07,2007,17,264,174,119.7962699,104.7770187,224.5732886,60
11,L07,2007,17,264,174,141.3219069,159.5133737,300.8352806,70
11,L07,2007,17,264,174,190.5060213,189.1468173,379.6528386,80
11,L07,2007,17,264,174,244.2362454,216.525197,460.7614424,90
11,L07,2007,17,264,174,288.2121818,246.2204746,534.4326564,100
11,L07,2007,17,264,174,353.4767403,286.1096657,639.586406,110
11,L07,2007,17,264,174,426.6182923,327.4176479,754.0359402,120
11,L07,2007,17,264,174,503.0073986,371.8545718,874.8619704,130
11,L07,2007,17,264,174,589.1424995,410.6027799,999.7452794,140
11,L07,2007,17,264,174,690.8954344,450.6563093,1141.551744,150
11,L07,2007,17,264,174,783.1654907,497.5627636,1280.728254,160
11,L07,2007,17,264,174,910.9369297,582.7913692,1493.728299,170
11,L07,2007,17,264,174,1077.840195,700.3329368,1778.173132,180
11,L07,2007,17,264,174,1226.712103,869.5934516,2096.305555,190
11,L07,2007,17,264,174,1417.838499,950.5293925,2368.367891,200
11,L07,2007,17,264,174,1553.191298,1017.5556,2570.746898,210
11,L07,2007,17,264,174,1726.509203,1085.773586,2812.282789,220
11,L07,2007,17,264,174,1897.998959,1201.778847,3099.777806,230
11,L07,2007,17,264,174,2031.096608,1426.684855,3457.781463,240
11,L07,2007,17,264,174,2178.876072,1529.655133,3708.531205,250
11,L07,2007,17,264,174,2286.02094,1623.985204,3910.006144,260
11,L07,2007,17,264,174,2448.923401,1806.601933,4255.525334,270
11,L07,2007,17,264,174,2598.889592,1999.398059,4598.287651,280
11,L07,2007,17,264,174,2727.839965,2199.206384,4927.046349,290
11,L07,2007,17,264,174,2903.013423,2374.659402,5277.672825,300
11,L07,2007,17,264,174,3065.038063,2513.799785,5578.837848,310
11,L07,2007,17,264,174,3201.297997,2598.927357,5800.225354,320
11,L07,2007,17,264,174,3415.664119,2730.395602,6146.059721,330
11,L07,2007,17,264,174,3703.390284,2851.319405,6554.709688,340
11,L07,2007,17,264,174,3979.616274,2994.650223,6974.266497,350
11,L07,2007,17,264,174,4125.671924,3118.311523,7243.983447,360
11,L07,2007,17,264,174,4339.610148,3231.617154,7571.227302,370
11,L07,2007,17,264,174,4529.79683,3410.27762,7940.07445,380
11,L07,2007,17,264,174,4694.40091,3558.083292,8252.484203,390
11,L07,2007,17,264,174,4877.229338,3663.460485,8540.689823,400
12,L08,2008,32,32,81,0,0,0,10
12,L08,2008,32,32,81,29.86860053,0.290201399,30.15880193,20
12,L08,2008,32,32,81,59.56656041,14.08179121,73.64835161,30
12,L08,2008,32,32,81,87.57269731,27.76409508,115.3367924,40
12,L08,2008,32,32,81,115.077005,41.34181156,156.4188166,50
12,L08,2008,32,32,81,146.3220379,49.70869899,196.0307369,60
12,L08,2008,32,32,81,191.8042782,58.32294976,250.127228,70
12,L08,2008,32,32,81,223.5648471,80.35309255,303.9179396,80
12,L08,2008,32,32,81,293.9619244,103.0259118,396.9878362,90
12,L08,2008,32,32,81,327.9008338,163.4759539,491.3767877,100
12,L08,2008,32,32,81,355.5421458,251.5399094,607.0820552,110
12,L08,2008,32,32,81,407.4516425,329.499572,736.9512145,120
12,L08,2008,32,32,81,465.6866977,409.2579569,874.9446546,130
12,L08,2008,32,32,81,591.2146283,466.3609656,1057.575594,140
12,L08,2008,32,32,81,673.6630593,523.864919,1197.527978,150
12,L08,2008,32,32,81,744.7094507,592.0714257,1336.780876,160
12,L08,2008,32,32,81,804.2271557,682.4976486,1486.724804,170
12,L08,2008,32,32,81,854.7053247,787.8402508,1642.545576,180
12,L08,2008,32,32,81,941.6726396,909.9462298,1851.618869,190
12,L08,2008,32,32,81,1013.501745,1028.272004,2041.773749,200
12,L08,2008,32,32,81,1076.932148,1151.802438,2228.734586,210
12,L08,2008,32,32,81,1202.950045,1253.553495,2456.50354,220
12,L08,2008,32,32,81,1376.675296,1323.506803,2700.182099,230
12,L08,2008,32,32,81,1518.267597,1393.375144,2911.642741,240
12,L08,2008,32,32,81,1623.723454,1459.484926,3083.20838,250
12,L08,2008,32,32,81,1751.730737,1532.274511,3284.005247,260
12,L08,2008,32,32,81,1899.41198,1713.874323,3613.286303,270
12,L08,2008,32,32,81,2124.498663,1820.534395,3945.033058,280
12,L08,2008,32,32,81,2327.912541,1927.118659,4255.0312,290
12,L08,2008,32,32,81,2546.80928,2068.856872,4615.666153,300
12,L08,2008,32,32,81,2714.884366,2292.452415,5007.336781,310
12,L08,2008,32,32,81,2868.988572,2519.500238,5388.48881,320
12,L08,2008,32,32,81,3106.595379,2682.041195,5788.636574,330
12,L08,2008,32,32,81,3340.739582,2821.447322,6162.186905,340
12,L08,2008,32,32,81,3567.748499,2905.246589,6472.995088,350
12,L08,2008,32,32,81,3762.354769,3000.959821,6763.31459,360
12,L08,2008,32,32,81,3990.627352,3187.336402,7177.963754,370
12,L08,2008,32,32,81,4208.634289,3386.338765,7594.973054,380
12,L08,2008,32,32,81,4478.046379,3598.742739,8076.789118,390
12,L08,2008,32,32,81,4738.700148,3768.29715,8506.997298,400
15,Lik,2017,8,8,71,0.603828194,0,0.603828194,10
15,Lik,2017,8,8,71,27.74324998,20.38800245,48.13125243,20
15,Lik,2017,8,8,71,68.10109324,30.53772707,98.63882031,30
15,Lik,2017,8,8,71,90.26442525,40.5476023,130.8120276,40
15,Lik,2017,8,8,71,100.5759621,50.60302746,151.1789895,50
15,Lik,2017,8,8,71,125.1191478,65.53916585,190.6583137,60
15,Lik,2017,8,8,71,140.9069559,141.4250706,282.3320265,70
15,Lik,2017,8,8,71,184.9825058,162.3527285,347.3352342,80
15,Lik,2017,8,8,71,215.6546668,184.1160898,399.7707566,90
15,Lik,2017,8,8,71,251.066627,205.9308943,456.9975214,100
15,Lik,2017,8,8,71,282.8099299,227.3983335,510.2082634,110
15,Lik,2017,8,8,71,320.7862976,247.9530431,568.7393407,120
15,Lik,2017,8,8,71,359.4074997,282.818479,642.2259788,130
15,Lik,2017,8,8,71,420.1278179,407.688749,827.8165669,140
15,Lik,2017,8,8,71,517.0663288,537.5347351,1054.601064,150
15,Lik,2017,8,8,71,622.7193796,594.1716716,1216.891051,160
15,Lik,2017,8,8,71,721.8477129,678.1486572,1399.99637,170
15,Lik,2017,8,8,71,789.8831627,780.9216088,1570.804772,180
15,Lik,2017,8,8,71,842.2338225,863.4785608,1705.712383,190
15,Lik,2017,8,8,71,895.4173148,973.5888221,1869.006137,200
15,Lik,2017,8,8,71,970.5760193,1048.412766,2018.988785,210
15,Lik,2017,8,8,71,1044.534794,1139.579138,2184.113932,220
15,Lik,2017,8,8,71,1141.97104,1235.907969,2377.879009,230
15,Lik,2017,8,8,71,1259.707466,1319.895001,2579.602467,240
15,Lik,2017,8,8,71,1394.523406,1414.467615,2808.991022,250
15,Lik,2017,8,8,71,1550.676669,1509.912075,3060.588745,260
15,Lik,2017,8,8,71,1697.975474,1634.949021,3332.924495,270
15,Lik,2017,8,8,71,1789.178551,1787.540827,3576.719379,280
15,Lik,2017,8,8,71,1916.395287,1939.805126,3856.200414,290
15,Lik,2017,8,8,71,2070.597393,2049.505779,4120.103172,300
15,Lik,2017,8,8,71,2208.090576,2191.083342,4399.173918,310
15,Lik,2017,8,8,71,2322.640764,2364.787384,4687.428148,320
15,Lik,2017,8,8,71,2483.020776,2515.458826,4998.479602,330
15,Lik,2017,8,8,71,2605.540661,2665.917955,5271.458617,340
15,Lik,2017,8,8,71,2746.419871,2785.534314,5531.954185,350
15,Lik,2017,8,8,71,2922.331968,2908.544267,5830.876235,360
15,Lik,2017,8,8,71,3058.446131,3012.035282,6070.481412,370
15,Lik,2017,8,8,71,3227.002371,3118.051755,6345.054126,380
15,Lik,2017,8,8,71,3460.903285,3247.967871,6708.871156,390
15,Lik,2017,8,8,71,3647.514189,3336.717725,6984.231915,400
5,Mayibout,1996,37,37,90,0,20.88477203,20.88477203,10
5,Mayibout,1996,37,37,90,0,42.74666251,42.74666251,20
5,Mayibout,1996,37,37,90,0,77.28017991,77.28017991,30
5,Mayibout,1996,37,37,90,0,117.8677835,117.8677835,40
5,Mayibout,1996,37,37,90,0,153.7725091,153.7725091,50
5,Mayibout,1996,37,37,90,0,192.8067741,192.8067741,60
5,Mayibout,1996,37,37,90,0,254.6862237,254.6862237,70
5,Mayibout,1996,37,37,90,0,348.0355355,348.0355355,80
5,Mayibout,1996,37,37,90,19.77911333,416.2639306,436.043044,90
5,Mayibout,1996,37,37,90,47.81109765,510.2455892,558.0566869,100
5,Mayibout,1996,37,37,90,80.35396136,589.7087072,670.0626686,110
5,Mayibout,1996,37,37,90,95.13365316,686.9263784,782.0600316,120
5,Mayibout,1996,37,37,90,122.9163446,753.3212791,876.2376237,130
5,Mayibout,1996,37,37,90,159.2395276,822.7490398,981.9885674,140
5,Mayibout,1996,37,37,90,189.9037804,875.7813105,1065.685091,150
5,Mayibout,1996,37,37,90,211.7114025,934.9802104,1146.691613,160
5,Mayibout,1996,37,37,90,229.7071923,1047.205736,1276.912928,170
5,Mayibout,1996,37,37,90,246.8129159,1187.513799,1434.326715,180
5,Mayibout,1996,37,37,90,278.4262794,1286.022293,1564.448573,190
5,Mayibout,1996,37,37,90,306.2073559,1370.230967,1676.438323,200
5,Mayibout,1996,37,37,90,378.6175762,1514.101371,1892.718947,210
5,Mayibout,1996,37,37,90,508.7666979,1596.533926,2105.300624,220
5,Mayibout,1996,37,37,90,558.9841871,1661.097201,2220.081388,230
5,Mayibout,1996,37,37,90,629.5480842,1740.635489,2370.183573,240
5,Mayibout,1996,37,37,90,694.7319491,1862.579943,2557.311892,250
5,Mayibout,1996,37,37,90,758.158324,2014.193672,2772.351996,260
5,Mayibout,1996,37,37,90,877.6294576,2217.577775,3095.207233,270
5,Mayibout,1996,37,37,90,1000.851929,2333.07412,3333.926049,280
5,Mayibout,1996,37,37,90,1092.023016,2469.867275,3561.890291,290
5,Mayibout,1996,37,37,90,1177.2157,2585.304845,3762.520545,300
5,Mayibout,1996,37,37,90,1275.749235,2704.374005,3980.123239,310
5,Mayibout,1996,37,37,90,1411.915427,2831.000985,4242.916412,320
5,Mayibout,1996,37,37,90,1567.894774,2968.868198,4536.762973,330
5,Mayibout,1996,37,37,90,1787.723303,3119.22212,4906.945423,340
5,Mayibout,1996,37,37,90,1944.47135,3255.677748,5200.149098,350
5,Mayibout,1996,37,37,90,2127.916461,3445.301658,5573.218119,360
5,Mayibout,1996,37,37,90,2357.801671,3650.455976,6008.257646,370
5,Mayibout,1996,37,37,90,2483.218429,3847.582693,6330.801122,380
5,Mayibout,1996,37,37,90,2620.322348,4056.685792,6677.00814,390
5,Mayibout,1996,37,37,90,2792.986254,4185.77845,6978.764705,400
8,Mb1,2003,143,143,162,0.249547375,0,0.249547375,10
8,Mb1,2003,143,143,162,17.11025895,20.65667055,37.7669295,20
8,Mb1,2003,143,143,162,41.21749073,30.93749058,72.15498131,30
8,Mb1,2003,143,143,162,81.63104945,45.04839735,126.6794468,40
8,Mb1,2003,143,143,162,117.3785008,64.41357035,181.7920711,50
8,Mb1,2003,143,143,162,149.5327093,79.82166299,229.3543723,60
8,Mb1,2003,143,143,162,164.0627922,93.54270279,257.605495,70
8,Mb1,2003,143,143,162,180.5076516,122.6496845,303.1573361,80
8,Mb1,2003,143,143,162,194.7183691,173.1470408,367.8654099,90
8,Mb1,2003,143,143,162,211.2628814,225.3727787,436.6356601,100
8,Mb1,2003,143,143,162,229.0218481,362.8320562,591.8539043,110
8,Mb1,2003,143,143,162,263.9414289,458.5216942,722.4631232,120
8,Mb1,2003,143,143,162,311.252732,534.1244325,845.3771646,130
8,Mb1,2003,143,143,162,369.6382024,586.9605139,956.5987164,140
8,Mb1,2003,143,143,162,424.9933218,663.2031902,1088.196512,150
8,Mb1,2003,143,143,162,502.4760814,722.6027573,1225.078839,160
8,Mb1,2003,143,143,162,547.5069623,776.0983463,1323.605309,170
8,Mb1,2003,143,143,162,586.3750277,852.3249894,1438.700017,180
8,Mb1,2003,143,143,162,624.0438736,926.7446302,1550.788504,190
8,Mb1,2003,143,143,162,666.1101695,985.1935017,1651.303671,200
8,Mb1,2003,143,143,162,750.0873052,1058.837807,1808.925112,210
8,Mb1,2003,143,143,162,845.7285845,1168.095005,2013.823589,220
8,Mb1,2003,143,143,162,1045.434863,1267.483184,2312.918047,230
8,Mb1,2003,143,143,162,1209.106785,1372.295166,2581.401951,240
8,Mb1,2003,143,143,162,1331.381356,1486.258754,2817.640109,250
8,Mb1,2003,143,143,162,1437.813778,1685.490614,3123.304392,260
8,Mb1,2003,143,143,162,1537.085137,1808.508707,3345.593844,270
8,Mb1,2003,143,143,162,1662.875324,1939.005112,3601.880436,280
8,Mb1,2003,143,143,162,1755.449655,2069.813174,3825.262829,290
8,Mb1,2003,143,143,162,1856.11985,2198.509117,4054.628966,300
8,Mb1,2003,143,143,162,2018.119309,2365.011077,4383.130386,310
8,Mb1,2003,143,143,162,2114.031474,2537.718761,4651.750235,320
8,Mb1,2003,143,143,162,2213.678869,2804.864494,5018.543363,330
8,Mb1,2003,143,143,162,2294.99457,3040.848629,5335.843199,340
8,Mb1,2003,143,143,162,2425.835802,3251.874439,5677.71024,350
8,Mb1,2003,143,143,162,2557.630747,3422.688335,5980.319083,360
8,Mb1,2003,143,143,162,2672.214734,3627.168094,6299.382828,370
8,Mb1,2003,143,143,162,2769.551973,3841.921098,6611.473071,380
8,Mb1,2003,143,143,162,2866.845798,4036.096751,6902.942549,390
8,Mb1,2003,143,143,162,2961.871063,4221.868691,7183.739755,400
9,Mb2,2003,35,35,94,10.51697124,0,10.51697124,10
9,Mb2,2003,35,35,94,42.01609835,20.55535374,62.57145209,20
9,Mb2,2003,35,35,94,68.12234495,31.23893067,99.36127562,30
9,Mb2,2003,35,35,94,90.77191762,41.42010944,132.1920271,40
9,Mb2,2003,35,35,94,112.7829084,57.45464305,170.2375514,50
9,Mb2,2003,35,35,94,138.1007238,77.32811079,215.4288345,60
9,Mb2,2003,35,35,94,168.7616839,91.74914083,260.5108247,70
9,Mb2,2003,35,35,94,185.5579548,151.4908112,337.048766,80
9,Mb2,2003,35,35,94,215.022357,223.2418005,438.2641575,90
9,Mb2,2003,35,35,94,264.2180502,315.2795828,579.497633,100
9,Mb2,2003,35,35,94,307.2785244,388.6820635,695.9605879,110
9,Mb2,2003,35,35,94,350.0352113,463.8012209,813.8364322,120
9,Mb2,2003,35,35,94,386.7956747,539.4954656,926.2911403,130
9,Mb2,2003,35,35,94,416.1447283,598.960389,1015.105117,140
9,Mb2,2003,35,35,94,465.6939214,645.4701063,1111.164028,150
9,Mb2,2003,35,35,94,522.4638019,689.3194655,1211.783267,160
9,Mb2,2003,35,35,94,570.3418058,733.0092739,1303.35108,170
9,Mb2,2003,35,35,94,608.7948995,774.230187,1383.025087,180
9,Mb2,2003,35,35,94,651.1502125,850.7522609,1501.902473,190
9,Mb2,2003,35,35,94,720.0303212,923.7899386,1643.82026,200
9,Mb2,2003,35,35,94,789.8804057,1046.661857,1836.542263,210
9,Mb2,2003,35,35,94,922.2176375,1153.866335,2076.083972,220
9,Mb2,2003,35,35,94,1056.518416,1324.622464,2381.140881,230
9,Mb2,2003,35,35,94,1171.189543,1430.599767,2601.789309,240
9,Mb2,2003,35,35,94,1337.753365,1566.978938,2904.732303,250
9,Mb2,2003,35,35,94,1490.727149,1681.212571,3171.93972,260
9,Mb2,2003,35,35,94,1657.021316,1785.44891,3442.470227,270
9,Mb2,2003,35,35,94,1802.549882,1913.578469,3716.128351,280
9,Mb2,2003,35,35,94,1909.262658,2040.78211,3950.044768,290
9,Mb2,2003,35,35,94,2008.752193,2211.569278,4220.32147,300
9,Mb2,2003,35,35,94,2097.609924,2427.487138,4525.097062,310
9,Mb2,2003,35,35,94,2179.537135,2650.210319,4829.747454,320
9,Mb2,2003,35,35,94,2285.791325,2839.629648,5125.420973,330
9,Mb2,2003,35,35,94,2394.750026,3043.964019,5438.714045,340
9,Mb2,2003,35,35,94,2492.049392,3292.499095,5784.548487,350
9,Mb2,2003,35,35,94,2572.989605,3563.768118,6136.757723,360
9,Mb2,2003,35,35,94,2674.036399,3747.145891,6421.18229,370
9,Mb2,2003,35,35,94,2801.660958,3946.037022,6747.69798,380
9,Mb2,2003,35,35,94,2924.891135,4182.172483,7107.063619,390
9,Mb2,2003,35,35,94,3060.575306,4374.476106,7435.051412,400
18,Mband,2020,110,130,184,0,6.395604819,6.395604819,10
18,Mband,2020,110,130,184,10.38000665,32.05758139,42.43758804,20
18,Mband,2020,110,130,184,22.14822379,64.81568985,86.96391364,30
18,Mband,2020,110,130,184,27.46189091,110.6305004,138.0923913,40
18,Mband,2020,110,130,184,32.56270419,183.1834725,215.7461767,50
18,Mband,2020,110,130,184,37.86425525,218.3863263,256.2505816,60
18,Mband,2020,110,130,184,51.83131542,259.0515067,310.8828221,70
18,Mband,2020,110,130,184,70.44382585,289.852523,360.2963488,80
18,Mband,2020,110,130,184,99.70952228,332.7148147,432.424337,90
18,Mband,2020,110,130,184,138.2556971,389.1152344,527.3709315,100
18,Mband,2020,110,130,184,173.2088446,444.836111,618.0449557,110
18,Mband,2020,110,130,184,213.6293549,502.2859889,715.9153438,120
18,Mband,2020,110,130,184,264.9750435,569.6594806,834.6345241,130
18,Mband,2020,110,130,184,318.936155,631.634088,950.570243,140
18,Mband,2020,110,130,184,349.5222193,687.2216405,1036.74386,150
18,Mband,2020,110,130,184,398.4525511,777.8326554,1176.285206,160
18,Mband,2020,110,130,184,442.4234343,865.5069298,1307.930364,170
18,Mband,2020,110,130,184,500.5011731,959.7394517,1460.240625,180
18,Mband,2020,110,130,184,553.4221579,1024.215726,1577.637884,190
18,Mband,2020,110,130,184,621.6497666,1100.040029,1721.689796,200
18,Mband,2020,110,130,184,689.4298802,1238.740581,1928.170461,210
18,Mband,2020,110,130,184,746.5336864,1325.723831,2072.257517,220
18,Mband,2020,110,130,184,806.6543921,1440.036312,2246.690704,230
18,Mband,2020,110,130,184,854.5807306,1534.557944,2389.138675,240
18,Mband,2020,110,130,184,877.8914645,1646.252643,2524.144108,250
18,Mband,2020,110,130,184,912.8187001,1755.474285,2668.292985,260
18,Mband,2020,110,130,184,933.3678792,1885.066858,2818.434737,270
18,Mband,2020,110,130,184,966.1629513,2016.341816,2982.504767,280
18,Mband,2020,110,130,184,1000.003157,2126.811005,3126.814162,290
18,Mband,2020,110,130,184,1032.143936,2214.039286,3246.183222,300
18,Mband,2020,110,130,184,1092.490274,2304.986625,3397.476899,310
18,Mband,2020,110,130,184,1143.982994,2395.443122,3539.426116,320
18,Mband,2020,110,130,184,1199.721445,2485.448015,3685.169459,330
18,Mband,2020,110,130,184,1264.451314,2590.069933,3854.521247,340
18,Mband,2020,110,130,184,1309.90427,2724.613578,4034.517848,350
18,Mband,2020,110,130,184,1358.050722,2849.866738,4207.91746,360
18,Mband,2020,110,130,184,1433.743446,2966.753496,4400.496942,370
18,Mband,2020,110,130,184,1497.311296,3104.352809,4601.664106,380
18,Mband,2020,110,130,184,1575.867077,3228.349195,4804.216272,390
18,Mband,2020,110,130,184,1635.8122,3361.60035,4997.41255,400
7,MekMb,2001,60,122,197,17.96184788,12.84195891,30.80380679,10
7,MekMb,2001,60,122,197,34.91770219,24.52288754,59.44058973,20
7,MekMb,2001,60,122,197,59.6520466,34.93976766,94.59181425,30
7,MekMb,2001,60,122,197,75.72637339,47.79702248,123.5233959,40
7,MekMb,2001,60,122,197,92.12457807,59.77864693,151.903225,50
7,MekMb,2001,60,122,197,109.5838139,71.35079023,180.9346041,60
7,MekMb,2001,60,122,197,133.9314818,161.3793509,295.3108327,70
7,MekMb,2001,60,122,197,158.3850548,275.1688226,433.5538774,80
7,MekMb,2001,60,122,197,173.9950086,322.0197799,496.0147885,90
7,MekMb,2001,60,122,197,193.3891237,349.9231855,543.3123092,100
7,MekMb,2001,60,122,197,223.7563328,385.437928,609.1942608,110
7,MekMb,2001,60,122,197,261.0072695,438.5214576,699.5287272,120
7,MekMb,2001,60,122,197,319.6484227,500.4633644,820.1117871,130
7,MekMb,2001,60,122,197,355.3477948,557.6870981,913.0348929,140
7,MekMb,2001,60,122,197,400.9593166,618.5186571,1019.477974,150
7,MekMb,2001,60,122,197,450.5416985,679.6622668,1130.203965,160
7,MekMb,2001,60,122,197,518.0151314,748.9914587,1267.00659,170
7,MekMb,2001,60,122,197,583.5057179,854.2160451,1437.721763,180
7,MekMb,2001,60,122,197,640.8212683,972.7870535,1613.608322,190
7,MekMb,2001,60,122,197,703.115546,1070.232612,1773.348158,200
7,MekMb,2001,60,122,197,761.4591729,1230.646513,1992.105686,210
7,MekMb,2001,60,122,197,826.5140551,1375.149742,2201.663797,220
7,MekMb,2001,60,122,197,885.5371266,1573.415346,2458.952472,230
7,MekMb,2001,60,122,197,963.1275576,1746.948935,2710.076493,240
7,MekMb,2001,60,122,197,1069.21705,1896.690112,2965.907162,250
7,MekMb,2001,60,122,197,1139.945934,2024.754169,3164.700103,260
7,MekMb,2001,60,122,197,1208.876878,2242.384727,3451.261605,270
7,MekMb,2001,60,122,197,1265.044752,2431.856777,3696.901529,280
7,MekMb,2001,60,122,197,1307.448843,2564.003285,3871.452129,290
7,MekMb,2001,60,122,197,1349.077415,2681.298992,4030.376406,300
7,MekMb,2001,60,122,197,1426.176007,2766.40808,4192.584087,310
7,MekMb,2001,60,122,197,1524.793771,2899.319145,4424.112916,320
7,MekMb,2001,60,122,197,1599.947161,3031.472607,4631.419767,330
7,MekMb,2001,60,122,197,1677.560516,3155.420227,4832.980743,340
7,MekMb,2001,60,122,197,1782.094736,3323.889099,5105.983835,350
7,MekMb,2001,60,122,197,1911.312815,3575.695561,5487.008376,360
7,MekMb,2001,60,122,197,2100.378317,3771.806777,5872.185094,370
7,MekMb,2001,60,122,197,2297.042928,3965.52683,6262.569758,380
7,MekMb,2001,60,122,197,2465.530491,4187.073477,6652.603968,390
7,MekMb,2001,60,122,197,2734.631706,4327.651978,7062.283684,400
3,Mekouka,1994,52,52,113,0,10.39705485,10.39705485,10
3,Mekouka,1994,52,52,113,0,26.22479299,26.22479299,20
3,Mekouka,1994,52,52,113,0,52.35069822,52.35069822,30
3,Mekouka,1994,52,52,113,0,93.96408389,93.96408389,40
3,Mekouka,1994,52,52,113,0,161.137066,161.137066,50
3,Mekouka,1994,52,52,113,0,213.5696032,213.5696032,60
3,Mekouka,1994,52,52,113,0,287.7053737,287.7053737,70
3,Mekouka,1994,52,52,113,0,347.0862157,347.0862157,80
3,Mekouka,1994,52,52,113,0,393.2970534,393.2970534,90
3,Mekouka,1994,52,52,113,0,440.4393993,440.4393993,100
3,Mekouka,1994,52,52,113,0,501.1851379,501.1851379,110
3,Mekouka,1994,52,52,113,0,553.685491,553.685491,120
3,Mekouka,1994,52,52,113,11.85403691,635.2317507,647.0857876,130
3,Mekouka,1994,52,52,113,32.72102227,732.8809345,765.6019568,140
3,Mekouka,1994,52,52,113,60.86485911,853.0080781,913.8729372,150
3,Mekouka,1994,52,52,113,94.06848957,944.8114732,1038.879963,160
3,Mekouka,1994,52,52,113,131.6302947,1034.65323,1166.283525,170
3,Mekouka,1994,52,52,113,166.4942297,1130.585336,1297.079566,180
3,Mekouka,1994,52,52,113,234.0665423,1229.655485,1463.722027,190
3,Mekouka,1994,52,52,113,292.4121151,1328.830762,1621.242877,200
3,Mekouka,1994,52,52,113,343.2117754,1426.399889,1769.611664,210
3,Mekouka,1994,52,52,113,453.454286,1499.706029,1953.160315,220
3,Mekouka,1994,52,52,113,541.8829898,1561.688689,2103.571678,230
3,Mekouka,1994,52,52,113,643.3426094,1632.310827,2275.653437,240
3,Mekouka,1994,52,52,113,776.7797548,1718.076398,2494.856153,250
3,Mekouka,1994,52,52,113,872.5117044,1820.917887,2693.429591,260
3,Mekouka,1994,52,52,113,962.4104331,1900.303537,2862.71397,270
3,Mekouka,1994,52,52,113,1055.475164,1984.729575,3040.204739,280
3,Mekouka,1994,52,52,113,1210.8491,2152.05494,3362.90404,290
3,Mekouka,1994,52,52,113,1344.664309,2351.333781,3695.99809,300
3,Mekouka,1994,52,52,113,1490.488442,2539.252527,4029.740969,310
3,Mekouka,1994,52,52,113,1656.908495,2714.107774,4371.016269,320
3,Mekouka,1994,52,52,113,1760.066031,2949.967183,4710.033214,330
3,Mekouka,1994,52,52,113,1965.878352,3154.898171,5120.776523,340
3,Mekouka,1994,52,52,113,2167.299517,3296.736686,5464.036204,350
3,Mekouka,1994,52,52,113,2303.810062,3449.967865,5753.777928,360
3,Mekouka,1994,52,52,113,2444.402918,3587.324869,6031.727787,370
3,Mekouka,1994,52,52,113,2601.200003,3784.114684,6385.314687,380
3,Mekouka,1994,52,52,113,2833.581003,3934.362004,6767.943008,390
3,Mekouka,1994,52,52,113,2972.94455,4150.747788,7123.692338,400
17,NK,2019,44,3481,694,6.856385085,0,6.856385085,10
17,NK,2019,44,3481,694,19.81077728,0,19.81077728,20
17,NK,2019,44,3481,694,30.39618138,10.96384861,41.36002999,30
17,NK,2019,44,3481,694,49.2679772,26.9372002,76.2051774,40
17,NK,2019,44,3481,694,73.96230195,38.81719123,112.7794932,50
17,NK,2019,44,3481,694,108.6113449,66.8660544,175.4773993,60
17,NK,2019,44,3481,694,139.2121368,118.6404365,257.8525733,70
17,NK,2019,44,3481,694,184.4349237,151.019686,335.4546097,80
17,NK,2019,44,3481,694,271.0945834,184.6796017,455.7741851,90
17,NK,2019,44,3481,694,362.37768,228.8505656,591.2282456,100
17,NK,2019,44,3481,694,402.4945114,276.5432017,679.0377131,110
17,NK,2019,44,3481,694,436.9522298,324.6165739,761.5688037,120
17,NK,2019,44,3481,694,471.3460249,368.413206,839.7592309,130
17,NK,2019,44,3481,694,515.760322,435.4795078,951.2398298,140
17,NK,2019,44,3481,694,544.2082883,501.9792433,1046.187532,150
17,NK,2019,44,3481,694,585.6989302,570.3206377,1156.019568,160
17,NK,2019,44,3481,694,624.1139549,665.4959603,1289.609915,170
17,NK,2019,44,3481,694,689.3155538,729.1096207,1418.425174,180
17,NK,2019,44,3481,694,846.0363542,837.2758263,1683.31218,190
17,NK,2019,44,3481,694,1004.956988,928.8930818,1933.850069,200
17,NK,2019,44,3481,694,1131.356075,1021.107238,2152.463313,210
17,NK,2019,44,3481,694,1252.672958,1104.084312,2356.75727,220
17,NK,2019,44,3481,694,1356.863635,1202.875928,2559.739563,230
17,NK,2019,44,3481,694,1426.487659,1324.657523,2751.145182,240
17,NK,2019,44,3481,694,1494.357059,1472.001111,2966.35817,250
17,NK,2019,44,3481,694,1594.061395,1629.550944,3223.612339,260
17,NK,2019,44,3481,694,1705.598893,1776.841302,3482.440195,270
17,NK,2019,44,3481,694,1773.412063,1905.143067,3678.55513,280
17,NK,2019,44,3481,694,1888.01816,2000.904302,3888.922462,290
17,NK,2019,44,3481,694,2016.182552,2080.468349,4096.650901,300
17,NK,2019,44,3481,694,2152.458618,2167.536182,4319.9948,310
17,NK,2019,44,3481,694,2284.399128,2263.779433,4548.178561,320
17,NK,2019,44,3481,694,2414.589631,2429.920549,4844.51018,330
17,NK,2019,44,3481,694,2566.986723,2546.249097,5113.235819,340
17,NK,2019,44,3481,694,2730.098581,2757.619897,5487.718478,350
17,NK,2019,44,3481,694,2867.146972,2954.0843,5821.231273,360
17,NK,2019,44,3481,694,2997.208941,3151.972045,6149.180986,370
17,NK,2019,44,3481,694,3131.453293,3294.276856,6425.730148,380
17,NK,2019,44,3481,694,3286.043888,3425.017411,6711.061298,390
17,NK,2019,44,3481,694,3455.211585,3589.343691,7044.555276,400
2,Tand,1977,1,1,42,11.10116398,0,11.10116398,10
2,Tand,1977,1,1,42,35.46712425,0,35.46712425,20
2,Tand,1977,1,1,42,86.83364711,5.468264623,92.30191173,30
2,Tand,1977,1,1,42,117.1279381,10.62239014,127.7503282,40
2,Tand,1977,1,1,42,152.1913142,15.85357177,168.044886,50
2,Tand,1977,1,1,42,200.8019222,31.05322379,231.855146,60
2,Tand,1977,1,1,42,230.806552,50.27961102,281.086163,70
2,Tand,1977,1,1,42,282.4667977,66.71511055,349.1819082,80
2,Tand,1977,1,1,42,319.5692665,79.12429172,398.6935583,90
2,Tand,1977,1,1,42,379.5216256,100.4817454,480.003371,100
2,Tand,1977,1,1,42,467.3716411,118.2724954,585.6441365,110
2,Tand,1977,1,1,42,545.6638781,136.4383601,682.1022382,120
2,Tand,1977,1,1,42,610.3277448,172.9566911,783.2844359,130
2,Tand,1977,1,1,42,666.5525747,225.8177657,892.3703403,140
2,Tand,1977,1,1,42,710.3886864,260.3655922,970.7542787,150
2,Tand,1977,1,1,42,770.6422333,313.3038394,1083.946073,160
2,Tand,1977,1,1,42,824.3294074,395.139467,1219.468874,170
2,Tand,1977,1,1,42,901.4753278,533.4343237,1434.909651,180
2,Tand,1977,1,1,42,947.5686624,603.1533781,1550.722041,190
2,Tand,1977,1,1,42,1026.973619,665.0713306,1692.04495,200
2,Tand,1977,1,1,42,1085.800355,728.1381555,1813.938511,210
2,Tand,1977,1,1,42,1140.378759,829.7953805,1970.174139,220
2,Tand,1977,1,1,42,1243.087576,947.2577211,2190.345297,230
2,Tand,1977,1,1,42,1313.221589,1069.436116,2382.657705,240
2,Tand,1977,1,1,42,1414.25312,1213.308653,2627.561773,250
2,Tand,1977,1,1,42,1566.954139,1373.910883,2940.865022,260
2,Tand,1977,1,1,42,1682.102011,1463.244497,3145.346508,270
2,Tand,1977,1,1,42,1809.557909,1541.205059,3350.762969,280
2,Tand,1977,1,1,42,1937.429712,1608.265969,3545.69568,290
2,Tand,1977,1,1,42,2080.918967,1662.800671,3743.719638,300
2,Tand,1977,1,1,42,2213.883491,1735.662211,3949.545703,310
2,Tand,1977,1,1,42,2357.13611,1801.258111,4158.394221,320
2,Tand,1977,1,1,42,2435.070428,1879.426429,4314.496858,330
2,Tand,1977,1,1,42,2503.061505,2011.745493,4514.806998,340
2,Tand,1977,1,1,42,2569.316697,2231.60712,4800.923817,350
2,Tand,1977,1,1,42,2701.672118,2376.127618,5077.799737,360
2,Tand,1977,1,1,42,2827.548276,2553.780482,5381.328758,370
2,Tand,1977,1,1,42,2976.378454,2757.095236,5733.473691,380
2,Tand,1977,1,1,42,3138.261215,2993.536164,6131.797379,390
2,Tand,1977,1,1,42,3238.432183,3290.229463,6528.661646,400
13,WA,2013,176,28652,888,0,0,0,10
13,WA,2013,176,28652,888,34.23493505,0,34.23493505,20
13,WA,2013,176,28652,888,50.24142782,38.55723284,88.79866065,30
13,WA,2013,176,28652,888,72.15393803,77.8180922,149.9720302,40
13,WA,2013,176,28652,888,104.6593207,103.8109301,208.4702507,50
13,WA,2013,176,28652,888,164.1248312,129.2851158,293.409947,60
13,WA,2013,176,28652,888,241.6069136,202.5714232,444.1783368,70
13,WA,2013,176,28652,888,328.4038182,229.369912,557.7737302,80
13,WA,2013,176,28652,888,418.7385708,262.6068001,681.3453709,90
13,WA,2013,176,28652,888,468.1757379,310.9328044,779.1085422,100
13,WA,2013,176,28652,888,515.0488813,364.5933669,879.6422482,110
13,WA,2013,176,28652,888,572.0180561,425.4374878,997.4555439,120
13,WA,2013,176,28652,888,649.1539426,467.513248,1116.667191,130
13,WA,2013,176,28652,888,734.4439339,524.2996067,1258.743541,140
13,WA,2013,176,28652,888,841.2954896,596.282668,1437.578158,150
13,WA,2013,176,28652,888,957.2727508,696.6100449,1653.882796,160
13,WA,2013,176,28652,888,1103.010584,775.8590533,1878.869637,170
13,WA,2013,176,28652,888,1253.260615,860.210882,2113.471497,180
13,WA,2013,176,28652,888,1400.468867,1015.127098,2415.595965,190
13,WA,2013,176,28652,888,1533.261455,1149.566458,2682.827913,200
13,WA,2013,176,28652,888,1667.22745,1313.014083,2980.241533,210
13,WA,2013,176,28652,888,1779.779201,1477.531847,3257.311048,220
13,WA,2013,176,28652,888,1884.993244,1653.770334,3538.763579,230
13,WA,2013,176,28652,888,2072.003071,1810.468035,3882.471106,240
13,WA,2013,176,28652,888,2292.916941,1919.01124,4211.928182,250
13,WA,2013,176,28652,888,2426.342067,2084.453926,4510.795993,260
13,WA,2013,176,28652,888,2539.425679,2273.909639,4813.335318,270
13,WA,2013,176,28652,888,2643.972091,2447.780311,5091.752402,280
13,WA,2013,176,28652,888,2800.824513,2633.919706,5434.744219,290
13,WA,2013,176,28652,888,3039.480931,2837.335179,5876.81611,300
13,WA,2013,176,28652,888,3284.023648,3029.552806,6313.576454,310
13,WA,2013,176,28652,888,3555.540381,3219.651354,6775.191735,320
13,WA,2013,176,28652,888,3751.438469,3408.476941,7159.91541,330
13,WA,2013,176,28652,888,4045.988119,3575.327336,7621.315456,340
13,WA,2013,176,28652,888,4279.909349,3746.262694,8026.172043,350
13,WA,2013,176,28652,888,4541.562304,3932.357765,8473.920069,360
13,WA,2013,176,28652,888,4829.441129,4112.957639,8942.398768,370
13,WA,2013,176,28652,888,5111.381915,4333.994609,9445.376525,380
13,WA,2013,176,28652,888,5384.791652,4580.012255,9964.803907,390
13,WA,2013,176,28652,888,5664.667375,4830.187772,10494.85515,400
1,Yamb,1976,36,318,112,0,10.63473789,10.63473789,10
1,Yamb,1976,36,318,112,14.77460304,21.46748422,36.24208726,20
1,Yamb,1976,36,318,112,27.89580504,32.4845828,60.38038784,30
1,Yamb,1976,36,318,112,45.58908332,43.78790122,89.37698454,40
1,Yamb,1976,36,318,112,57.69260431,55.05808219,112.7506865,50
1,Yamb,1976,36,318,112,72.06121371,65.47757983,137.5387935,60
1,Yamb,1976,36,318,112,88.26061272,76.92248929,165.183102,70
1,Yamb,1976,36,318,112,100.8823255,87.04945897,187.9317844,80
1,Yamb,1976,36,318,112,131.444509,97.1517229,228.5962319,90
1,Yamb,1976,36,318,112,165.3954163,107.7713606,273.1667769,100
1,Yamb,1976,36,318,112,196.7463936,142.3387167,339.0851103,110
1,Yamb,1976,36,318,112,232.2167213,178.1643213,410.3810426,120
1,Yamb,1976,36,318,112,251.8887509,206.5849565,458.4737074,130
1,Yamb,1976,36,318,112,305.7297311,230.2996011,536.0293322,140
1,Yamb,1976,36,318,112,371.5627354,324.138931,695.7016664,150
1,Yamb,1976,36,318,112,416.8958456,435.7557214,852.6515671,160
1,Yamb,1976,36,318,112,479.150678,569.5583012,1048.708979,170
1,Yamb,1976,36,318,112,567.3579569,656.6320092,1223.989966,180
1,Yamb,1976,36,318,112,644.5185018,751.3480988,1395.866601,190
1,Yamb,1976,36,318,112,718.1074558,832.1013508,1550.208807,200
1,Yamb,1976,36,318,112,776.2321941,933.1024526,1709.334647,210
1,Yamb,1976,36,318,112,850.6260681,1004.506665,1855.132733,220
1,Yamb,1976,36,318,112,930.0945598,1067.438834,1997.533394,230
1,Yamb,1976,36,318,112,1009.581591,1135.146148,2144.727739,240
1,Yamb,1976,36,318,112,1097.555227,1217.797709,2315.352936,250
1,Yamb,1976,36,318,112,1166.546279,1290.950705,2457.496984,260
1,Yamb,1976,36,318,112,1247.140586,1362.40529,2609.545876,270
1,Yamb,1976,36,318,112,1368.207971,1495.422502,2863.630473,280
1,Yamb,1976,36,318,112,1566.131629,1625.11385,3191.245479,290
1,Yamb,1976,36,318,112,1719.924561,1860.838744,3580.763306,300
1,Yamb,1976,36,318,112,1898.570188,2049.256383,3947.826572,310
1,Yamb,1976,36,318,112,2065.835001,2246.560205,4312.395206,320
1,Yamb,1976,36,318,112,2185.578465,2383.785071,4569.363536,330
1,Yamb,1976,36,318,112,2313.264797,2474.807181,4788.071978,340
1,Yamb,1976,36,318,112,2475.847914,2609.950885,5085.798799,350
1,Yamb,1976,36,318,112,2637.247724,2746.424584,5383.672308,360
1,Yamb,1976,36,318,112,2810.506837,2863.319783,5673.82662,370
1,Yamb,1976,36,318,112,3049.361461,3054.721657,6104.083118,380
1,Yamb,1976,36,318,112,3273.639342,3191.9949,6465.634243,390
1,Yamb,1976,36,318,112,3473.108642,3326.49407,6799.602712,400
